{
	"partitions" : [
		{
			"name" : "Top",
			"pins" : [
				{
					"name" : "sinalDisplay[0]",
					"strict" : false
				},
				{
					"name" : "CentenaDisplay[0]",
					"strict" : false
				},
				{
					"name" : "CentenaDisplay[1]",
					"strict" : false
				},
				{
					"name" : "CentenaDisplay[2]",
					"strict" : false
				},
				{
					"name" : "CentenaDisplay[3]",
					"strict" : false
				},
				{
					"name" : "CentenaDisplay[4]",
					"strict" : false
				},
				{
					"name" : "CentenaDisplay[5]",
					"strict" : false
				},
				{
					"name" : "CentenaDisplay[6]",
					"strict" : false
				},
				{
					"name" : "DezenaDisplay[0]",
					"strict" : false
				},
				{
					"name" : "DezenaDisplay[1]",
					"strict" : false
				},
				{
					"name" : "DezenaDisplay[2]",
					"strict" : false
				},
				{
					"name" : "DezenaDisplay[3]",
					"strict" : false
				},
				{
					"name" : "DezenaDisplay[4]",
					"strict" : false
				},
				{
					"name" : "DezenaDisplay[5]",
					"strict" : false
				},
				{
					"name" : "DezenaDisplay[6]",
					"strict" : false
				},
				{
					"name" : "UnidadeDisplay[0]",
					"strict" : false
				},
				{
					"name" : "UnidadeDisplay[1]",
					"strict" : false
				},
				{
					"name" : "UnidadeDisplay[2]",
					"strict" : false
				},
				{
					"name" : "UnidadeDisplay[3]",
					"strict" : false
				},
				{
					"name" : "UnidadeDisplay[4]",
					"strict" : false
				},
				{
					"name" : "UnidadeDisplay[5]",
					"strict" : false
				},
				{
					"name" : "UnidadeDisplay[6]",
					"strict" : false
				},
				{
					"name" : "reset",
					"strict" : false
				},
				{
					"name" : "sinalEntrada",
					"strict" : false
				},
				{
					"name" : "clock50M",
					"strict" : false
				},
				{
					"name" : "chavesE[15]",
					"strict" : false
				},
				{
					"name" : "chavesE[7]",
					"strict" : false
				},
				{
					"name" : "chavesE[6]",
					"strict" : false
				},
				{
					"name" : "chavesE[0]",
					"strict" : false
				},
				{
					"name" : "chavesE[1]",
					"strict" : false
				},
				{
					"name" : "chavesE[2]",
					"strict" : false
				},
				{
					"name" : "chavesE[5]",
					"strict" : false
				},
				{
					"name" : "chavesE[4]",
					"strict" : false
				},
				{
					"name" : "chavesE[3]",
					"strict" : false
				},
				{
					"name" : "chavesE[8]",
					"strict" : false
				},
				{
					"name" : "chavesE[9]",
					"strict" : false
				},
				{
					"name" : "chavesE[10]",
					"strict" : false
				},
				{
					"name" : "chavesE[11]",
					"strict" : false
				},
				{
					"name" : "chavesE[12]",
					"strict" : false
				},
				{
					"name" : "chavesE[13]",
					"strict" : false
				},
				{
					"name" : "chavesE[14]",
					"strict" : false
				}
			]
		}
	]
}